<?xml version="1.0" encoding="UTF-8"?>
<metadata xml:lang="ja"><Esri><CreaDate>20170804</CreaDate><CreaTime>19184800</CreaTime><ArcGISFormat>1.0</ArcGISFormat><SyncOnce>TRUE</SyncOnce><DataProperties><lineage><Process ToolSource="C:\Program Files (x86)\ArcGIS\Desktop10.0\ArcToolbox\Toolboxes\Data Management Tools.tbx\Append" Date="20130822" Time="191519">Append D:\work\130822_bk\bk\AED.mdb\moto_AED設置事業所 D:\work\130822_bk\bk\AED.mdb\AED設置事業所 NO_TEST "交付番号 "交付番号" true true false 100 Text 0 0 ,First,#,D:\work\130822_bk\bk\AED.mdb\moto_AED設置事業所,交付番号,-1,-1;施設名称 "施設名称" true true false 80 Text 0 0 ,First,#,D:\work\130822_bk\bk\AED.mdb\moto_AED設置事業所,施設名称,-1,-1;設置場所 "設置場所" true true false 150 Text 0 0 ,First,#,D:\work\130822_bk\bk\AED.mdb\moto_AED設置事業所,設置場所,-1,-1;住所 "住所" true true false 150 Text 0 0 ,First,#,D:\work\130822_bk\bk\AED.mdb\moto_AED設置事業所,住所,-1,-1;電話番号 "電話番号" true true false 255 Text 0 0 ,First,#,D:\work\130822_bk\bk\AED.mdb\moto_AED設置事業所,電話番号,-1,-1;営業時間 "営業時間" true true false 255 Text 0 0 ,First,#,D:\work\130822_bk\bk\AED.mdb\moto_AED設置事業所,営業時間,-1,-1;経過欄1年月日 "経過欄1年月日" true true false 8 Date 0 0 ,First,#,D:\work\130822_bk\bk\AED.mdb\moto_AED設置事業所,経過欄1年月日,-1,-1;経過欄1適用 "経過欄1適用" true true false 255 Text 0 0 ,First,#,D:\work\130822_bk\bk\AED.mdb\moto_AED設置事業所,経過欄1適用,-1,-1;経過欄1備考 "経過欄1備考" true true false 255 Text 0 0 ,First,#,D:\work\130822_bk\bk\AED.mdb\moto_AED設置事業所,経過欄1備考,-1,-1;経過欄1確認者 "経過欄1確認者" true true false 20 Text 0 0 ,First,#,D:\work\130822_bk\bk\AED.mdb\moto_AED設置事業所,経過欄1確認者,-1,-1;経過欄2年月日 "経過欄2年月日" true true false 8 Date 0 0 ,First,#,D:\work\130822_bk\bk\AED.mdb\moto_AED設置事業所,経過欄2年月日,-1,-1;経過欄2適用 "経過欄2適用" true true false 255 Text 0 0 ,First,#,D:\work\130822_bk\bk\AED.mdb\moto_AED設置事業所,経過欄2適用,-1,-1;経過欄2備考 "経過欄2備考" true true false 255 Text 0 0 ,First,#,D:\work\130822_bk\bk\AED.mdb\moto_AED設置事業所,経過欄2備考,-1,-1;経過欄2確認者 "経過欄2確認者" true true false 20 Text 0 0 ,First,#,D:\work\130822_bk\bk\AED.mdb\moto_AED設置事業所,経過欄2確認者,-1,-1;経過欄3年月日 "経過欄3年月日" true true false 8 Date 0 0 ,First,#,D:\work\130822_bk\bk\AED.mdb\moto_AED設置事業所,経過欄3年月日,-1,-1;経過欄3適用 "経過欄3適用" true true false 255 Text 0 0 ,First,#,D:\work\130822_bk\bk\AED.mdb\moto_AED設置事業所,経過欄3適用,-1,-1;経過欄3備考 "経過欄3備考" true true false 255 Text 0 0 ,First,#,D:\work\130822_bk\bk\AED.mdb\moto_AED設置事業所,経過欄3備考,-1,-1;経過欄3確認者 "経過欄3確認者" true true false 20 Text 0 0 ,First,#,D:\work\130822_bk\bk\AED.mdb\moto_AED設置事業所,経過欄3確認者,-1,-1;経過欄4年月日 "経過欄4年月日" true true false 8 Date 0 0 ,First,#,D:\work\130822_bk\bk\AED.mdb\moto_AED設置事業所,経過欄4年月日,-1,-1;経過欄4適用 "経過欄4適用" true true false 255 Text 0 0 ,First,#,D:\work\130822_bk\bk\AED.mdb\moto_AED設置事業所,経過欄4適用,-1,-1;経過欄4備考 "経過欄4備考" true true false 255 Text 0 0 ,First,#,D:\work\130822_bk\bk\AED.mdb\moto_AED設置事業所,経過欄4備考,-1,-1;経過欄4確認者 "経過欄4確認者" true true false 20 Text 0 0 ,First,#,D:\work\130822_bk\bk\AED.mdb\moto_AED設置事業所,経過欄4確認者,-1,-1;経過欄5年月日 "経過欄5年月日" true true false 8 Date 0 0 ,First,#,D:\work\130822_bk\bk\AED.mdb\moto_AED設置事業所,経過欄5年月日,-1,-1;経過欄5適用 "経過欄5適用" true true false 255 Text 0 0 ,First,#,D:\work\130822_bk\bk\AED.mdb\moto_AED設置事業所,経過欄5適用,-1,-1;経過欄5備考 "経過欄5備考" true true false 255 Text 0 0 ,First,#,D:\work\130822_bk\bk\AED.mdb\moto_AED設置事業所,経過欄5備考,-1,-1;経過欄5確認者 "経過欄5確認者" true true false 20 Text 0 0 ,First,#,D:\work\130822_bk\bk\AED.mdb\moto_AED設置事業所,経過欄5確認者,-1,-1;経過欄6年月日 "経過欄6年月日" true true false 8 Date 0 0 ,First,#,D:\work\130822_bk\bk\AED.mdb\moto_AED設置事業所,経過欄6年月日,-1,-1;経過欄6適用 "経過欄6適用" true true false 255 Text 0 0 ,First,#,D:\work\130822_bk\bk\AED.mdb\moto_AED設置事業所,経過欄6適用,-1,-1;経過欄6備考 "経過欄6備考" true true false 255 Text 0 0 ,First,#,D:\work\130822_bk\bk\AED.mdb\moto_AED設置事業所,経過欄6備考,-1,-1;経過欄6確認者 "経過欄6確認者" true true false 20 Text 0 0 ,First,#,D:\work\130822_bk\bk\AED.mdb\moto_AED設置事業所,経過欄6確認者,-1,-1;経過欄7年月日 "経過欄7年月日" true true false 8 Date 0 0 ,First,#,D:\work\130822_bk\bk\AED.mdb\moto_AED設置事業所,経過欄7年月日,-1,-1;経過欄7適用 "経過欄7適用" true true false 255 Text 0 0 ,First,#,D:\work\130822_bk\bk\AED.mdb\moto_AED設置事業所,経過欄7適用,-1,-1;経過欄7備考 "経過欄7備考" true true false 255 Text 0 0 ,First,#,D:\work\130822_bk\bk\AED.mdb\moto_AED設置事業所,経過欄7備考,-1,-1;経過欄7確認者 "経過欄7確認者" true true false 20 Text 0 0 ,First,#,D:\work\130822_bk\bk\AED.mdb\moto_AED設置事業所,経過欄7確認者,-1,-1;経過欄8年月日 "経過欄8年月日" true true false 8 Date 0 0 ,First,#,D:\work\130822_bk\bk\AED.mdb\moto_AED設置事業所,経過欄8年月日,-1,-1;経過欄8適用 "経過欄8適用" true true false 255 Text 0 0 ,First,#,D:\work\130822_bk\bk\AED.mdb\moto_AED設置事業所,経過欄8適用,-1,-1;経過欄8備考 "経過欄8備考" true true false 255 Text 0 0 ,First,#,D:\work\130822_bk\bk\AED.mdb\moto_AED設置事業所,経過欄8備考,-1,-1;経過欄8確認者 "経過欄8確認者" true true false 255 Text 0 0 ,First,#,D:\work\130822_bk\bk\AED.mdb\moto_AED設置事業所,経過欄8確認者,-1,-1;経過欄9年月日 "経過欄9年月日" true true false 8 Date 0 0 ,First,#;経過欄9適用 "経過欄9適用" true true false 255 Text 0 0 ,First,#,D:\work\130822_bk\bk\AED.mdb\moto_AED設置事業所,経過欄9適用,-1,-1;経過欄9備考 "経過欄8" true true false 255 Text 0 0 ,First,#,D:\work\130822_bk\bk\AED.mdb\moto_AED設置事業所,経過欄9備考,-1,-1;経過欄9確認者 "経過欄9確認者" true true false 20 Text 0 0 ,First,#,D:\work\130822_bk\bk\AED.mdb\moto_AED設置事業所,経過欄9確認者,-1,-1;経過欄10年月日 "経過欄10年月日" true true false 8 Date 0 0 ,First,#,D:\work\130822_bk\bk\AED.mdb\moto_AED設置事業所,経過欄10年月日,-1,-1;経過欄10適用 "経過欄10適用" true true false 255 Text 0 0 ,First,#,D:\work\130822_bk\bk\AED.mdb\moto_AED設置事業所,経過欄10適用,-1,-1;経過欄10備考 "経過欄10備考" true true false 255 Text 0 0 ,First,#,D:\work\130822_bk\bk\AED.mdb\moto_AED設置事業所,経過欄10備考,-1,-1;経過欄10確認者 "経過欄10確認者" true true false 20 Text 0 0 ,First,#,D:\work\130822_bk\bk\AED.mdb\moto_AED設置事業所,経過欄10確認者,-1,-1;経過欄9年月日 "経過欄9年月日" true true false 0 Blob 0 0 ,First,#,D:\work\130822_bk\bk\AED.mdb\moto_AED設置事業所,経過欄9年月日,-1,-1" #</Process></lineage><itemProps><itemLocation><linkage Sync="TRUE">file://Service=sde:sqlserver:GISDBSV1\mssql2008r2; Database=sdeMuroran_Userlayer; User=sde; Version=sde.DEFAULT</linkage><protocol Sync="TRUE">Local Area Network</protocol></itemLocation></itemProps></DataProperties></Esri></metadata>
